codon,count
AAA,85
AAC,132
AAG,10
AAT,32
ACA,134
ACC,155
ACG,10
ACT,52
AGA,1
AGC,39
AGG,1
AGT,14
ATA,167
ATC,196
ATG,40
ATT,124
CAA,82
CAC,79
CAG,8
CAT,18
CCA,52
CCC,119
CCG,7
CCT,41
CGA,28
CGC,26
CGG,2
CGT,7
CTA,276
CTC,167
CTG,45
CTT,65
GAA,64
GAC,51
GAG,24
GAT,15
GCA,80
GCC,124
GCG,8
GCT,43
GGA,67
GGC,87
GGG,34
GGT,24
GTA,70
GTC,48
GTG,18
GTT,31
TAA,3
TAC,89
TAG,2
TAT,46
TCA,83
TCC,99
TCG,7
TCT,32
TGA,93
TGC,17
TGG,11
TGT,5
TTA,73
TTC,139
TTG,18
TTT,77
